Workbook

Sheet Dashboard
A1: SPSS Dashboard — Oakwood High School (65 students) | N1: Calc Engine
A3: Design : Fail-Reason Breakdown | N3: =COUNTA('Student Data'!A2:A66) -> 65
A5: Total Students | C5: Academic-Only Fails | E5: Attendance-Only Fails | G5: Dual Fails (RED) | I5: Satisfactory | N5: =COUNTIFS('Student Data'!H2:H66,"FAIL",'Student Data'!I2:I66,"PASS") -> 12
A6: =N3 -> 65 | C6: =N5 -> 12 | E6: =N6 -> 11 | G6: =N7 -> 9 | I6: =N8 -> 33 | N6: =COUNTIFS('Student Data'!H2:H66,"PASS",'Student Data'!I2:I66,"FAIL") -> 11
N7: =COUNTIFS('Student Data'!H2:H66,"FAIL",'Student Data'!I2:I66,"FAIL") -> 9
N8: =COUNTIFS('Student Data'!H2:H66,"PASS",'Student Data'!I2:I66,"PASS") -> 33
A9: students | C9: students | E9: students | G9: students | I9: students
A12: Fail-Reason Breakdown
A13: Reason | B13: Students
A14: Academic-Only | B14: =N5 -> 12
A15: Attendance-Only | B15: =N6 -> 11
A16: Dual Fail | B16: =N7 -> 9
A17: Satisfactory | B17: =N8 -> 33
A22: Weekly Dual-Fail Alert Trend (illustrative, single metric)
A23: Week | B23: Dual Fails
A24: Week 1 (current) | B24: =N7 -> 9
A25: Week 2 | B25: 6
A26: Week 3 | B26: 6
A27: Week 4 | B27: 3
A28: Week 5 | B28: 4
A29: Week 6 | B29: 6

Sheet Student Data
A1: Student ID | B1: Name | C1: Test 1 | D1: Test 2 | E1: Test 3 | F1: Average | G1: Attendance % | H1: Academic Status | I1: Attendance Status | J1: Risk Category | K1: Column1 | L1: Attn(G) | M1: Avg(G) | N1: Attn(Y) | O1: Avg(Y) | P1: Attn(R) | Q1: Avg(R) | R1: X0 | S1: Y60 | T1: X75 | U1: Y0100
A2: 1001 | B2: Felix Ferreira | C2: 67 | D2: 71 | E2: 91 | F2: =ROUND(AVERAGE(C2:E2),1) -> 76.3 | G2: 77.3 | H2: =IF(F2<60,"FAIL","PASS") -> PASS | I2: =IF(G2<75,"FAIL","PASS") -> PASS | J2: =IF(AND(H2="FAIL",I2="FAIL"),"RED - Dual Risk",IF(OR(H2="FAIL",I2="FAIL"),"YELLOW - Single Risk","GREEN - Satisfactory")) -> GREEN - Satisfactory | L2: =IF(J2="GREEN - Satisfactory",G2,"") -> 77.3 | M2: =IF(J2="GREEN - Satisfactory",F2,"") -> 76.3 | N2: =IF(J2="YELLOW - Single Risk",G2,"") | O2: =IF(J2="YELLOW - Single Risk",F2,"") | P2: =IF(J2="RED - Dual Risk",G2,"") | Q2: =IF(J2="RED - Dual Risk",F2,"") | R2: 0 | S2: 60 | T2: 75 | U2: 0
A3: 1002 | B3: Layla Adeyemi | C3: 84 | D3: 62 | E3: 80 | F3: =ROUND(AVERAGE(C3:E3),1) -> 75.3 | G3: 98.7 | H3: =IF(F3<60,"FAIL","PASS") -> PASS | I3: =IF(G3<75,"FAIL","PASS") -> PASS | J3: =IF(AND(H3="FAIL",I3="FAIL"),"RED - Dual Risk",IF(OR(H3="FAIL",I3="FAIL"),"YELLOW - Single Risk","GREEN - Satisfactory")) -> GREEN - Satisfactory | L3: =IF(J3="GREEN - Satisfactory",G3,"") -> 98.7 | M3: =IF(J3="GREEN - Satisfactory",F3,"") -> 75.3 | N3: =IF(J3="YELLOW - Single Risk",G3,"") | O3: =IF(J3="YELLOW - Single Risk",F3,"") | P3: =IF(J3="RED - Dual Risk",G3,"") | Q3: =IF(J3="RED - Dual Risk",F3,"") | R3: 100 | S3: 60 | T3: 75 | U3: 100
A4: 1003 | B4: Gavin Blackwood | C4: 75 | D4: 70 | E4: 64 | F4: =ROUND(AVERAGE(C4:E4),1) -> 69.7 | G4: 64 | H4: =IF(F4<60,"FAIL","PASS") -> PASS | I4: =IF(G4<75,"FAIL","PASS") -> FAIL | J4: =IF(AND(H4="FAIL",I4="FAIL"),"RED - Dual Risk",IF(OR(H4="FAIL",I4="FAIL"),"YELLOW - Single Risk","GREEN - Satisfactory")) -> YELLOW - Single Risk | L4: =IF(J4="GREEN - Satisfactory",G4,"") | M4: =IF(J4="GREEN - Satisfactory",F4,"") | N4: =IF(J4="YELLOW - Single Risk",G4,"") -> 64 | O4: =IF(J4="YELLOW - Single Risk",F4,"") -> 69.7 | P4: =IF(J4="RED - Dual Risk",G4,"") | Q4: =IF(J4="RED - Dual Risk",F4,"")
A5: 1004 | B5: Simone Rojas | C5: 60 | D5: 66 | E5: 80 | F5: =ROUND(AVERAGE(C5:E5),1) -> 68.7 | G5: 78.4 | H5: =IF(F5<60,"FAIL","PASS") -> PASS | I5: =IF(G5<75,"FAIL","PASS") -> PASS | J5: =IF(AND(H5="FAIL",I5="FAIL"),"RED - Dual Risk",IF(OR(H5="FAIL",I5="FAIL"),"YELLOW - Single Risk","GREEN - Satisfactory")) -> GREEN - Satisfactory | L5: =IF(J5="GREEN - Satisfactory",G5,"") -> 78.4 | M5: =IF(J5="GREEN - Satisfactory",F5,"") -> 68.7 | N5: =IF(J5="YELLOW - Single Risk",G5,"") | O5: =IF(J5="YELLOW - Single Risk",F5,"") | P5: =IF(J5="RED - Dual Risk",G5,"") | Q5: =IF(J5="RED - Dual Risk",F5,"")
A6: 1005 | B6: Wyatt Sinclair | C6: 76 | D6: 72 | E6: 61 | F6: =ROUND(AVERAGE(C6:E6),1) -> 69.7 | G6: 90.6 | H6: =IF(F6<60,"FAIL","PASS") -> PASS | I6: =IF(G6<75,"FAIL","PASS") -> PASS | J6: =IF(AND(H6="FAIL",I6="FAIL"),"RED - Dual Risk",IF(OR(H6="FAIL",I6="FAIL"),"YELLOW - Single Risk","GREEN - Satisfactory")) -> GREEN - Satisfactory | L6: =IF(J6="GREEN - Satisfactory",G6,"") -> 90.6 | M6: =IF(J6="GREEN - Satisfactory",F6,"") -> 69.7 | N6: =IF(J6="YELLOW - Single Risk",G6,"") | O6: =IF(J6="YELLOW - Single Risk",F6,"") | P6: =IF(J6="RED - Dual Risk",G6,"") | Q6: =IF(J6="RED - Dual Risk",F6,"")
A7: 1006 | B7: Nora Achebe | C7: 92 | D7: 60 | E7: 76 | F7: =ROUND(AVERAGE(C7:E7),1) -> 76 | G7: 58.2 | H7: =IF(F7<60,"FAIL","PASS") -> PASS | I7: =IF(G7<75,"FAIL","PASS") -> FAIL | J7: =IF(AND(H7="FAIL",I7="FAIL"),"RED - Dual Risk",IF(OR(H7="FAIL",I7="FAIL"),"YELLOW - Single Risk","GREEN - Satisfactory")) -> YELLOW - Single Risk | L7: =IF(J7="GREEN - Satisfactory",G7,"") | M7: =IF(J7="GREEN - Satisfactory",F7,"") | N7: =IF(J7="YELLOW - Single Risk",G7,"") -> 58.2 | O7: =IF(J7="YELLOW - Single Risk",F7,"") -> 76 | P7: =IF(J7="RED - Dual Risk",G7,"") | Q7: =IF(J7="RED - Dual Risk",F7,"")
A8: 1007 | B8: Jaden Montoya | C8: 35 | D8: 37 | E8: 43 | F8: =ROUND(AVERAGE(C8:E8),1) -> 38.3 | G8: 79.8 | H8: =IF(F8<60,"FAIL","PASS") -> FAIL | I8: =IF(G8<75,"FAIL","PASS") -> PASS | J8: =IF(AND(H8="FAIL",I8="FAIL"),"RED - Dual Risk",IF(OR(H8="FAIL",I8="FAIL"),"YELLOW - Single Risk","GREEN - Satisfactory")) -> YELLOW - Single Risk | L8: =IF(J8="GREEN - Satisfactory",G8,"") | M8: =IF(J8="GREEN - Satisfactory",F8,"") | N8: =IF(J8="YELLOW - Single Risk",G8,"") -> 79.8 | O8: =IF(J8="YELLOW - Single Risk",F8,"") -> 38.3 | P8: =IF(J8="RED - Dual Risk",G8,"") | Q8: =IF(J8="RED - Dual Risk",F8,"")
A9: 1008 | B9: Esme Larsson | C9: 50 | D9: 55 | E9: 33 | F9: =ROUND(AVERAGE(C9:E9),1) -> 46 | G9: 63.6 | H9: =IF(F9<60,"FAIL","PASS") -> FAIL | I9: =IF(G9<75,"FAIL","PASS") -> FAIL | J9: =IF(AND(H9="FAIL",I9="FAIL"),"RED - Dual Risk",IF(OR(H9="FAIL",I9="FAIL"),"YELLOW - Single Risk","GREEN - Satisfactory")) -> RED - Dual Risk | L9: =IF(J9="GREEN - Satisfactory",G9,"") | M9: =IF(J9="GREEN - Satisfactory",F9,"") | N9: =IF(J9="YELLOW - Single Risk",G9,"") | O9: =IF(J9="YELLOW - Single Risk",F9,"") | P9: =IF(J9="RED - Dual Risk",G9,"") -> 63.6 | Q9: =IF(J9="RED - Dual Risk",F9,"") -> 46
A10: 1009 | B10: Cody Ekwueme | C10: 62 | D10: 91 | E10: 92 | F10: =ROUND(AVERAGE(C10:E10),1) -> 81.7 | G10: 45.2 | H10: =IF(F10<60,"FAIL","PASS") -> PASS | I10: =IF(G10<75,"FAIL","PASS") -> FAIL | J10: =IF(AND(H10="FAIL",I10="FAIL"),"RED - Dual Risk",IF(OR(H10="FAIL",I10="FAIL"),"YELLOW - Single Risk","GREEN - Satisfactory")) -> YELLOW - Single Risk | L10: =IF(J10="GREEN - Satisfactory",G10,"") | M10: =IF(J10="GREEN - Satisfactory",F10,"") | N10: =IF(J10="YELLOW - Single Risk",G10,"") -> 45.2 | O10: =IF(J10="YELLOW - Single Risk",F10,"") -> 81.7 | P10: =IF(J10="RED - Dual Risk",G10,"") | Q10: =IF(J10="RED - Dual Risk",F10,"")
A11: 1010 | B11: Amara Villanueva | C11: 71 | D11: 96 | E11: 64 | F11: =ROUND(AVERAGE(C11:E11),1) -> 77 | G11: 76.8 | H11: =IF(F11<60,"FAIL","PASS") -> PASS | I11: =IF(G11<75,"FAIL","PASS") -> PASS | J11: =IF(AND(H11="FAIL",I11="FAIL"),"RED - Dual Risk",IF(OR(H11="FAIL",I11="FAIL"),"YELLOW - Single Risk","GREEN - Satisfactory")) -> GREEN - Satisfactory | L11: =IF(J11="GREEN - Satisfactory",G11,"") -> 76.8 | M11: =IF(J11="GREEN - Satisfactory",F11,"") -> 77 | N11: =IF(J11="YELLOW - Single Risk",G11,"") | O11: =IF(J11="YELLOW - Single Risk",F11,"") | P11: =IF(J11="RED - Dual Risk",G11,"") | Q11: =IF(J11="RED - Dual Risk",F11,"")
A12: 1011 | B12: Ronan Whitaker | C12: 86 | D12: 69 | E12: 73 | F12: =ROUND(AVERAGE(C12:E12),1) -> 76 | G12: 87.9 | H12: =IF(F12<60,"FAIL","PASS") -> PASS | I12: =IF(G12<75,"FAIL","PASS") -> PASS | J12: =IF(AND(H12="FAIL",I12="FAIL"),"RED - Dual Risk",IF(OR(H12="FAIL",I12="FAIL"),"YELLOW - Single Risk","GREEN - Satisfactory")) -> GREEN - Satisfactory | L12: =IF(J12="GREEN - Satisfactory",G12,"") -> 87.9 | M12: =IF(J12="GREEN - Satisfactory",F12,"") -> 76 | N12: =IF(J12="YELLOW - Single Risk",G12,"") | O12: =IF(J12="YELLOW - Single Risk",F12,"") | P12: =IF(J12="RED - Dual Risk",G12,"") | Q12: =IF(J12="RED - Dual Risk",F12,"")
A13: 1012 | B13: Leilani Kamau | C13: 56 | D13: 46 | E13: 51 | F13: =ROUND(AVERAGE(C13:E13),1) -> 51 | G13: 85.5 | H13: =IF(F13<60,"FAIL","PASS") -> FAIL | I13: =IF(G13<75,"FAIL","PASS") -> PASS | J13: =IF(AND(H13="FAIL",I13="FAIL"),"RED - Dual Risk",IF(OR(H13="FAIL",I13="FAIL"),"YELLOW - Single Risk","GREEN - Satisfactory")) -> YELLOW - Single Risk | L13: =IF(J13="GREEN - Satisfactory",G13,"") | M13: =IF(J13="GREEN - Satisfactory",F13,"") | N13: =IF(J13="YELLOW - Single Risk",G13,"") -> 85.5 | O13: =IF(J13="YELLOW - Single Risk",F13,"") -> 51 | P13: =IF(J13="RED - Dual Risk",G13,"") | Q13: =IF(J13="RED - Dual Risk",F13,"")
A14: 1013 | B14: Miles Reyes | C14: 81 | D14: 62 | E14: 90 | F14: =ROUND(AVERAGE(C14:E14),1) -> 77.7 | G14: 71 | H14: =IF(F14<60,"FAIL","PASS") -> PASS | I14: =IF(G14<75,"FAIL","PASS") -> FAIL | J14: =IF(AND(H14="FAIL",I14="FAIL"),"RED - Dual Risk",IF(OR(H14="FAIL",I14="FAIL"),"YELLOW - Single Risk","GREEN - Satisfactory")) -> YELLOW - Single Risk | L14: =IF(J14="GREEN - Satisfactory",G14,"") | M14: =IF(J14="GREEN - Satisfactory",F14,"") | N14: =IF(J14="YELLOW - Single Risk",G14,"") -> 71 | O14: =IF(J14="YELLOW - Single Risk",F14,"") -> 77.7 | P14: =IF(J14="RED - Dual Risk",G14,"") | Q14: =IF(J14="RED - Dual Risk",F14,"")
A15: 1014 | B15: Sadie Sundberg | C15: 89 | D15: 86 | E15: 61 | F15: =ROUND(AVERAGE(C15:E15),1) -> 78.7 | G15: 88.2 | H15: =IF(F15<60,"FAIL","PASS") -> PASS | I15: =IF(G15<75,"FAIL","PASS") -> PASS | J15: =IF(AND(H15="FAIL",I15="FAIL"),"RED - Dual Risk",IF(OR(H15="FAIL",I15="FAIL"),"YELLOW - Single Risk","GREEN - Satisfactory")) -> GREEN - Satisfactory | L15: =IF(J15="GREEN - Satisfactory",G15,"") -> 88.2 | M15: =IF(J15="GREEN - Satisfactory",F15,"") -> 78.7 | N15: =IF(J15="YELLOW - Single Risk",G15,"") | O15: =IF(J15="YELLOW - Single Risk",F15,"") | P15: =IF(J15="RED - Dual Risk",G15,"") | Q15: =IF(J15="RED - Dual Risk",F15,"")
... A66: 1065 | B66: Nathan Whitfield | C66: 43 | D66: 53 | E66: 31 | F66: =ROUND(AVERAGE(C66:E66),1) -> 42.3 | G66: 72.5 | H66: =IF(F66<60,"FAIL","PASS") -> FAIL | I66: =IF(G66<75,"FAIL","PASS") -> FAIL | J66: =IF(AND(H66="FAIL",I66="FAIL"),"RED - Dual Risk",IF(OR(H66="FAIL",I66="FAIL"),"YELLOW - Single Risk","GREEN - Satisfactory")) -> RED - Dual Risk | L66: =IF(J66="GREEN - Satisfactory",G66,"") | M66: =IF(J66="GREEN - Satisfactory",F66,"") | N66: =IF(J66="YELLOW - Single Risk",G66,"") | O66: =IF(J66="YELLOW - Single Risk",F66,"") | P66: =IF(J66="RED - Dual Risk",G66,"") -> 72.5 | Q66: =IF(J66="RED - Dual Risk",F66,"") -> 42.3

Sheet README
A1: SPSS Dashboard — Oakwood High School (65 students)
A3: Excel + Orange SPSS workflow.
A5: Rows: 65 fictional students, randomly generated.
A7: Columns F (Average), H (Academic Status), I (Attendance Status), and J (Risk Category)
A8: are LIVE FORMULAS - replacing columns C:E and G with real data recalculates everything.
A10: IMPORTANT - Orange setup: when you load this into Orange, set Academic Status and
A11: Attendance Status to META (not Feature) in the File widget. Leaving them as Features
A12: causes the Decision Tree to see the answer directly and score a meaningless 1.000.
